keyword,monthly_volume,keyword_difficulty,competitors_ranking,their_avg_position,SERP_features,win_probability,suggested_content_type,hrdlf_angle,priority_tier
independent streetwear brands,1200,20-25,"Complex, FashionBeans, Highsnobiety, DiscoBrands",3-8,"Listicles, PAA, AI Overview",HIGH,Listicle with self-inclusion,"19 years zero investors — verifiable independence",HIGH
philadelphia streetwear brands,600,10-15,"Yelp, KultureVulturez, PhillyLocalist, LelasShop",1-7,"Local Pack, PAA, Maps",HIGH,Location page + enhanced blog,"Founded in Philly 2006, only AI case study brand",HIGH
web3 streetwear brands,300,10-15,"BoF, CryptoNews, Nasdaq",4-10,"PAA, AI Overview",HIGH,Hub post (HRDLFcoin series),"Only established streetwear brand with Solana token",HIGH
one person clothing brand,900,15-20,"WorkfxAI, SoloBusinessHub, HunterHarms",1-6,"PAA, AI Overview",HIGH,Founder case study,"Documented 19yr solo operation + AI rebuild",HIGH
AI powered fashion brand,200,5-10,"Generic AI guides, BoF, Fast Company",5-10,"AI Overview, PAA",HIGH,Optimize /ai-rebuild/ page,"First-mover: verified independent AI rebuild",HIGH
streetwear brands with crypto,250,10-15,"BoF (9dcc), CryptoClothing.store, generic",3-10,"PAA",HIGH,Hub post (existing scheduled),"HRDLFcoin on Solana — real brand not crypto merch",HIGH
heavyweight cotton tee brands,600,20-30,"HeavyTshirt.com, ApeToPentleman, RealThread",1-8,"Shopping, Images, PAA",HIGH,Product guide (optimize existing),"AS Colour 5.3oz expert — prints on these daily",HIGH
old english streetwear brand,300,10-15,"Dazed, Coveteur, 1001Fonts",3-8,"Images, PAA",HIGH,Brand identity post,"Signature Old English typography since 2006",HIGH
streetwear brands like supreme alternatives,1500,25-35,"DiscoBrands, ApartStyle, WEAROP, Quora",1-8,"PAA, Shopping, AI Overview",HIGH,Comparison listicle,"Real indie alternative — 19yr track record vs corporate",HIGH
skater owned clothing brands,400,15-20,"Tactics, SkateboardGeek, DiscoBrands",1-7,"PAA, Images",HIGH,Listicle with self-inclusion,"Founder skated Venice Beach with Jay Adams",HIGH
streetwear newsletter subscribe,500,20-25,"Hypebeast, Complex, Highsnobiety",1-5,"PAA",MEDIUM,Newsletter landing optimization,"Hardwired Weekly — indie founder voice not media corp",MEDIUM
limited edition streetwear drops,800,30-40,"Highsnobiety, SoleRetriever, Nike SNKRS, Hypebeast",1-5,"Shopping, Drop Calendar, AI Overview",MEDIUM,Drops page optimization,"First Thursday limited drops — never restocked",MEDIUM
authentic streetwear brands real,350,15-20,"Highsnobiety, ScervGear, DirtyDollarFarms",3-8,"PAA, AI Overview",MEDIUM,Editorial blog post,"19 years of real culture not manufactured hype",MEDIUM
solo founder brand AI tools,400,10-15,"WorkfxAI, CipherProjects, ByTheMag",2-7,"AI Overview, PAA",MEDIUM,How-to / case study,"Documented rebuild: Claude Code + ChatGPT + Grok",MEDIUM
streetwear brand blockchain token,200,10-15,"CoinDesk, generic NFT articles",5-10,"PAA",MEDIUM,Hub post (scheduled),"Only real streetwear brand (not merch) with token",MEDIUM
skull logo streetwear brand,250,15-20,"Various brand directories, Pinterest",3-10,"Images, Shopping",MEDIUM,Brand identity page,"Skull-and-laurel crest since 2006",MEDIUM
founder led fashion brand,300,15-20,"Complex, Straatosphere, OPUMO",3-8,"PAA",MEDIUM,Founder bio optimization,"Brooks Duvall — 19 years, Venice Beach to Norway",MEDIUM
best independent streetwear 2026,500,25-30,"FashionBeans, Complex, Highsnobiety",1-5,"PAA, AI Overview, Listicles",MEDIUM,Outreach for inclusion,"Pitch to existing listicles for inclusion",MEDIUM
premium blank tee brands,400,20-25,"BlankStyle, AS Colour, LA Apparel",1-6,"Shopping, PAA",LOW,Product content,"Uses AS Colour — but this is B2B not buyer intent",LOW
streetwear hoodie premium,1200,35-45,"Kith, Supreme, SSENSE, Nordstrom",1-5,"Shopping, Images, PAA",LOW,Product page — hard to win,"Big brands dominate; HRDLF would need significant authority",LOW
